url_slug,name,address,street,city,state,zip_code,phone,website,architect,architect_alt,public_private,hole,year_built,guest_policy,credit_card,golf_season,range,rental_club,pro_in_house,metal_spikes_okay,weekday,weekend,tee_time_welcomed,rental_cart_available,championship_par,championship_yards,championship_slope,championship_usga,middle_par,middle_yards,middle_slope,middle_usga,forward_par,forward_yards,forward_slope,forward_usga,top_100_ranking,_source
spring-hill-country-club,Spring Hill Country Club,155 NW Country Club Ln,155 NW Country Club Ln,Albany,Oregon,97321,(541) 928-5454,springhillcc.com,Fred Federspiel,Bud Fortier/Bill Robinson,Private,18,1960,Reciprocal,None,year round,Yes,Yes,,No,$,$,Yes,Yes,72,6432,120,70.50,72,6145,118,69.00,73,5461,123,71.00,,courses-data-18139
the-golf-club-of-oregon,The Golf Club of Oregon,905 NW Springhill Dr,905 NW Spring Hill Dr,Albany,Oregon,97321,(541) 928-8338,,Ralph & J. E. Roberts,Ralph Roberts/J.E. Roberts,Public,18,1929,Open,None,year round,Yes,Yes,,Yes,$,$,Yes,Yes,70,5841,111,67.80,70,5572,108,66.50,70,5129,117,68.90,,courses-data-18139
the-reserve-vineyards-and-golf-club-north-course,"The Reserve Vineyards & Golf Club, North Course",4805 SW 229th Ave,4805 SW 229th Ave,Aloha,Oregon,97007,(503) 649-8191,www.reservegolf.com,John Fought,"Robert E. Cupp, ASGCA",Semi-Private,18,1997,Open,"VISA, MasterCard, Amex, Discover Welcomed",year round,Yes,Yes,,No,$$,$$,Yes,Included in fee,72,7172,134,74.30,72,6809,129,72.70,72,5189,121,70.10,,courses-data-18139
the-reserve-vineyards-and-golf-club-south-course,"The Reserve Vineyards & Golf Club, South Course",4805 SW 229th Ave,4805 SW 229th Ave,Aloha,Oregon,97007,(503) 649-8191,www.reservegolf.com,John Fought,"John Fought, ASGCA",Semi-Private,18,1997,Open,"VISA, MasterCard, Amex, Discover Welcomed",year round,Yes,Yes,,No,$$,$$,Yes,Included in fee,72,7172,134,74.30,72,6809,129,72.70,72,5189,121,70.10,,courses-data-18139
oak-knoll-golf-course,Oak Knoll Golf Course,3070 Highway 66,3070 Hwy 66,Ashland,Oregon,97520,(541) 482-4311,www.oakknollgolf.org,,,Public,9,1924,Open,"VISA, MasterCard Welcomed",year round,No,Yes,,Yes,$,$,Yes,Yes,,,,,36,3020,118,34.10,38,2671,108,35.10,,courses-data-18139
langdon-farms-golf-club,Langdon Farms Golf Club,24377 NE Airport Rd,24377 Airport Rd NE,Aurora,Oregon,97002,(503) 678-4653,langdonfarms.com,Bob Cupp,"John Fought, ASGCA/Robert E. Cupp, ASGCA",Public,18,1995,Open,"VISA, MasterCard, Amex, Discover Welcomed",year round,Yes,Yes,,No,$$,$$,Yes,Included in fee,71,6935,125,73.30,71,6525,121,71.20,71,5249,114,69.40,,courses-data-18139
quail-ridge-golf-course,Quail Ridge Golf Course,2801 Indiana Ave,2801 Indiana Ave,Baker City,Oregon,97814,(541) 523-2358,www.bakercity.com,George Junor,"Ted Robinson, ASGCA",Public,9,1936,Open,None,Open: 3/01 Closed: 11/01,No,Yes,,Yes,$,$,Yes,Yes,,,,,35,3015,117,33.60,37,2799,118,35.00,,courses-data-18139
quail-valley-golf-course,Quail Valley Golf Course,12565 NW Aerts Rd,12565 NW Aerts Rd,Banks,Oregon,97106,(503) 324-4444,www.quailvalleygolf.com,John Zoller,John Zoller,Public,18,1993,Open,"VISA, MasterCard, Amex Welcomed",year round,Yes,Yes,,No,$,$,Yes,Yes,72,6603,122,71.60,72,6318,118,70.20,72,5519,117,71.50,,courses-data-18139
redtail-golf-center,RedTail Golf Center,8200 SW Scholls Ferry Rd,8200 SW Scholls Ferry Rd,Beaverton,Oregon,97008,(503) 646-5166,www.golfredtail.com,Ervin Thoresen,(R)John Zoller,Public,18,1965,Open,None,year round,Yes,Yes,,Yes,$,$,Yes,Yes,71,6426,112,69.80,71,6122,110,68.40,73,5626,115,71.70,,courses-data-18139
broken-top-club,Broken Top Club,62000 Broken Top Dr,61999 Broken Top Dr,Bend,Oregon,97702,(541) 383-0868,www.brokentop.com,Tom Weiskopf & Jay Morrish,"Jay Morrish, ASGCA/Tom Weiskopf",Private,18,1993,Reciprocal,"VISA, MasterCard, Amex Welcomed",Open: 3/15 Closed: 11/15,Yes,Yes,,No,$$$,$$$,Yes,Included in fee,72,7161,131,73.50,72,6559,126,70.60,72,5281,123,69.40,,courses-data-18139
lost-tracks-golf-club,Lost Tracks Golf Club,60205 Sunset View Dr,60205 Sunset View Dr,Bend,Oregon,97702,(541) 385-1818,losttracks.com,Brian Whitcomb,Brian Whitcomb,Public,18,1996,Open,"VISA, MasterCard, Discover Welcomed",year round,Yes,Yes,,Yes,$,$,Yes,Yes,72,6993,129,72.40,72,6245,122,69.60,73,5287,111,70.20,,courses-data-18139
rivers-edge-golf-resort,River's Edge Golf Resort,400 NW Proshop Dr,400 NW Pro Shop Dr,Bend,Oregon,97701,(541) 389-2828,www.riverhouse.com,Robert Muir Graves,"Robert Muir Graves, ASGCA",Public,18,1988,Open,"VISA, MasterCard Welcomed",year round,Yes,Yes,,Yes,$,$,Yes,Yes,72,6683,137,72.60,72,6440,135,71.60,73,5381,140,71.80,,courses-data-18139
the-old-back-nine-at-mountain-high,The Old Back Nine At Mountain High,60650 China Hat Rd,60650 China Hat Rd,Bend,Oregon,97702,(541) 382-1111,www.oldbacknine.com,,Jan Ward,Public,18,1990,Open,"VISA, MasterCard Welcomed",Open: 3/01 Closed: 10/01,Yes,Yes,,Yes,$,$,Yes,Included in fee,72,6656,131,72.00,72,6058,122,69.20,72,5268,120,69.20,,courses-data-18139
awbrey-glen-golf-club,Awbrey Glen Golf Club,2500 NW Awbrey Glen Dr,2500 NW Awbrey Glen Dr,Bend,Oregon,97701,(541) 388-8526,www.awbreyglen.com,Gene Bunny Mason,Gene Mason,Semi-Private,18,1993,Reciprocal,"VISA, MasterCard, Amex Welcomed",year round,Yes,Yes,,No,$$,$$,Yes,Yes,72,7005,130,72.80,72,6557,124,70.30,72,5396,125,70.00,,courses-data-18139
widgi-creek-golf-club,Widgi Creek Golf Club,18707 SW Century Dr,18707 Century Dr,Bend,Oregon,97702,(541) 382-4449,www.widgi.com,Robert Muir Graves,"Robert Muir Graves, ASGCA",Semi-Private,18,1991,Open,"VISA, MasterCard Welcomed",Open: 3/01 Closed: 10/31,Yes,Yes,,No,$,$$,Yes,Yes,72,6911,134,73.40,72,6483,132,71.30,72,5070,124,69.20,,courses-data-18139
tokatee-golf-club,Tokatee Golf Club,54947 McKenzie Hwy,54947 McKenzie Hwy,Blue River,Oregon,97413,(541) 822-3220,www.tokatee.com,Ted Robinson,"Ted Robinson, ASGCA",Public,18,1966,Open,"VISA, MasterCard Welcomed",Open: 2/01 Closed: 11/15,Yes,Yes,,Yes,$,$,Yes,Yes,72,6830,126,72.00,72,6245,119,69.70,72,5651,115,71.20,,courses-data-18139
willow-run-golf-course,Willow Run Golf Course,78873 Toms Camp Rd,78873 Toms Camp Rd,Boardman,Oregon,97818,(541) 481-4381,,Dallas Wilson,Dallas Wilson,Public,9,1972,Open,None,Open: 3/01 Closed: 11/30,No,Yes,,Yes,$,$,No,Yes,,,,,,,,,,,,,,courses-data-18139
greenlea-golf-course,Greenlea Golf Course,26736 SE Kelso Rd,26736 SE Kelso Rd,Boring,Oregon,97009,(503) 663-3934,www.greenleagolfcourse.com,Walter Marken,Walter Markham,Public,9,1978,Open,None,Open: 2/12 Closed: 11/25,No,Yes,,Yes,$,$,No,No,,,,,30,3150,,,30,3150,,,,courses-data-18139
mountain-view-golf-club,Mountain View Golf Club,27195 SE Kelso Rd,27195 SE Kelso Rd,Boring,Oregon,97009,(503) 663-4869,,,Jack Waltmire,Public,18,,Open,"VISA, MasterCard Welcomed",year round,Yes,Yes,,Yes,$,$,Yes,Yes,71,5936,119,68.70,71,5543,115,66.10,73,5197,113,69.20,,courses-data-18139
willamette-valley-country-club,Willamette Valley Country Club,2396 N Maple St,900 Country Club Pl,Canby,Oregon,97013,(503) 266-2102,www.williamettevalleycc.com,Shirley Stone,Shirley Stone,Private,18,1946,Reciprocal,None,year round,Yes,Yes,,No,$,$,Yes,Yes,72,7008,132,74.20,72,6401,131,71.20,72,5509,124,71.80,,courses-data-18139
frontier-golf-course,Frontier Golf Course,2965 N Holly St,2965 N Holly St,Canby,Oregon,97013,(503) 266-4435,www.pasturegolf.com,Joe Sisul,Joe Sisul,Public,9,1964,Open,None,Open: 3/01 Closed: 11/01,No,Yes,,No,$,$,No,No,,,,,27,1069,,,27,1069,,,,courses-data-18139
illinois-valley-golf-course,Illinois Valley Golf Course,25320 Redwood Hwy,Redwood Hwy and Laurel Rd,Cave Junction,Oregon,97523,(541) 592-3151,,Bob E. & Robert L. Baldock,Bob E. Baldock/Robert L. Baldock,Semi-Private,9,1977,Open,"VISA, MasterCard, Discover Welcomed",year round,Yes,Yes,,Yes,$,$,Yes,Yes,,,,,36,3049,126,34.90,36,2727,118,36.20,,courses-data-18139
laurel-hill-golf-course,Laurel Hill Golf Course,9450 Old Stage Rd,9450 Old Stage Rd,Central Point,Oregon,97502,(541) 855-7965,,Harvey Granger,Harvey Granger,Public,9,1975,Open,"VISA, MasterCard Welcomed",year round,Yes,Yes,,Yes,$,$,Yes,No,,,,,31,1915,102,31.00,31,1915,103,31.10,,courses-data-18139
sah-hah-lee-golf-course,Sah-Hah-Lee Golf Course,17104 SE 130th Ave,17104 SE 130th Ave,Clackamas,Oregon,97015,(503) 655-9249,sah-hah-lee.com,Bud & Steve Lisac,Bud Lisac/Steve Lisac,Public,18,1991,Open,"VISA, MasterCard Welcomed",year round,Yes,Yes,,No,$,$,Yes,No,,,,,54,2477,,,54,2294,,,,courses-data-18139
watson-ranch-golf,Watson Ranch Golf,93884 Coos Sumner Ln,999 Coos City Sumner Rd,Coos Bay,Oregon,97420,(541) 267-7257,www.watsonranchgolf.com,H. Chandler Egan,"H. Chandler Egen/William G. Robinson, ASGCA",Private,18,1923,Reciprocal,"VISA, MasterCard Welcomed",year round,Yes,No,,Yes,$,$,Yes,Yes,70,6032,131,69.70,70,5673,124,68.10,71,5166,125,70.80,,courses-data-18139
sunset-bay-golf-course,Sunset Bay Golf Course,89516 Cape Arago Hwy,11001 Cape Arago Hwy,Coos Bay,Oregon,97420,(541) 888-9301,www.sunsetbaygolf.com,John Zoller,John Zoller,Public,9,1969,Open,None,year round,No,Yes,,Yes,$,$,Yes,Yes,,,,,36,3020,,34.00,36,2609,,34.90,,courses-data-18139
coquille-valley-elk-golf-course,Coquille Valley Elk Golf Course,54942 Maple Heights Rd,HC 83,Coquille,Oregon,97423,(541) 572-5367,,Clarence Sutton,Clarence Sutton,Private,9,,Closed,"VISA, MasterCard Welcomed",year round,Yes,Yes,,Yes,$,$,Yes,Yes,,,,,33,2216,103,31.30,35,2165,101,33.00,,courses-data-18139
pumpkin-ridge-golf-club-ghost-creek,"Pumpkin Ridge Golf Club, Ghost Creek",12930 NW Old Pumpkin Ridge Rd,12930 Old Pumpkin Ridge Rd,Cornelius,Oregon,97113,(503) 647-9977,www.pumpkinridge.com,Bob Cupp,"Robert E. Cupp, ASGCA",Public,18,1991,Open,"VISA, MasterCard, Amex, Discover Welcomed",year round,Yes,Yes,,No,$$,$$,Yes,Yes,71,6839,135,73.60,71,6451,132,71.40,71,5206,125,70.40,,courses-data-18139
pumpkin-ridge-golf-club-witch-hollow,"Pumpkin Ridge Golf Club, Witch Hollow",12930 NW Old Pumpkin Ridge Rd,12930 Old Pumpkin Ridge Rd,Cornelius,Oregon,97113,(503) 647-9977,www.pumpkinridge.com,Bob Cupp,"Robert E. Cupp, ASGCA",Public,18,1991,Open,"VISA, MasterCard, Amex, Discover Welcomed",year round,Yes,Yes,,No,$$,$$,Yes,Yes,71,6839,135,73.60,71,6451,132,71.40,71,5206,125,70.40,,courses-data-18139
forest-hills-country-club,Forest Hills Country Club,36260 SW Tongue Ln,36260 SW Tongue Ln,Cornelius,Oregon,97113,(503) 357-3347,www.golfforesthills.com,William F. & William P. Bell,"William F. Bell, ASGCA/William P. Bell, ASGCA",Semi-Private,18,1953,Open,"VISA, MasterCard, Amex Welcomed",year round,Yes,Yes,,No,$,$,Yes,Yes,,,,,72,6173,122,69.70,74,5673,114,71.70,,courses-data-18139
corvallis-country-club,Corvallis Country Club,1850 SW Whiteside Dr,1850 SW Whiteside Dr,Corvallis,Oregon,97333,(541) 752-3484,www.corvalliscountryclub.org,,,Private,18,1917,Reciprocal,None,year round,Yes,Yes,,No,$,$,Yes,Yes,71,6045,126,69.50,71,5825,125,68.90,74,5441,117,71.10,,courses-data-18139
golf-city-par-3,Golf City Par-3,2115 NE Highway 20,2115 NE Hwy 20,Corvallis,Oregon,97330,(541) 753-6213,,Ed Burns,Ed Burns,Public,9,1977,Open,None,year round,No,Yes,,No,$,$,No,No,,,,,28,801,,,28,801,,,,courses-data-18139
marysville-golf-course,Marysville Golf Course,2020 SW Allen St,2020 SW Allen St,Corvallis,Oregon,97333,(541) 753-3421,,Fred Federspiel,Fred Federspiel,Public,9,1958,Open,None,year round,No,Yes,,Yes,$,$,No,Yes,,,,,36,3166,114,34.50,39,2666,109,34.50,,courses-data-18139
trysting-tree-golf-club,Trysting Tree Golf Club,34028 NE Electric Rd,34028 NE Electric Rd,Corvallis,Oregon,97333,(541) 752-3332,www.TrystingTree.com,Ted Robinson,"Ted Robinson, ASGCA",Public,18,1988,Open,"VISA, MasterCard, Discover Welcomed",year round,Yes,Yes,,Yes,$,$,Yes,Yes,72,7014,127,73.10,72,6682,127,71.40,72,5516,118,71.30,,courses-data-18139
hidden-valley-golf-course,Hidden Valley Golf Course,775 N River Rd,775 N River Rd,Cottage Grove,Oregon,97424,(541) 942-3046,www.playhiddenvalleygolf.com,Ray Vincent,Ray Vincent,Public,9,1928,Open,None,year round,No,Yes,,Yes,$,$,Yes,Yes,,,,,35,2771,108,33.30,36,2355,114,34.20,,courses-data-18139
middlefield-golf-course,Middlefield Golf Course,91 Village Dr,91 Village Dr,Cottage Grove,Oregon,97424,(541) 942-8730,www.middlefieldgolf.com,Gene Bunny Mason,Gene Mason,Public,18,1991,Open,"VISA, MasterCard Welcomed",year round,Yes,Yes,,Yes,$,$,Yes,Yes,,,,,67,4905,104,63.70,67,4260,102,63.40,,courses-data-18139
emerald-valley-golf-course,Emerald Valley Golf Course,83301 Dale Kuni Rd,83301 Dale Kuni Rd,Creswell,Oregon,97426,(541) 895-2174,www.emeraldvalleygolf.com,Bob E. Baldock,Bob E. Baldock,Semi-Private,18,1966,Open,"VISA, MasterCard, Amex Welcomed",year round,Yes,Yes,,No,$,$,Yes,Yes,72,6873,126,73.00,72,6388,122,70.80,73,5371,129,74.70,,courses-data-18139
crooked-river-ranch-golf-club,Crooked River Ranch Golf Club,5195 Club House Rd,5195 Club House Rd,Crooked River Ranch,Oregon,97760,(541) 923-6343,www.crookedriverranch.com,Gene Bunny Mason & Jim Ramey,Gene Mason/Jim Ramey,Public,18,1979,Open,"VISA, MasterCard Welcomed",year round,Yes,Yes,,Yes,$,$,Yes,Yes,71,5661,107,66.30,71,5355,101,65.00,71,5000,111,67.40,,courses-data-18139
cross-creek-golf-course,Cross Creek Golf Course,13935 Highway 22,13935 Hwy 22,Dallas,Oregon,97338,(503) 623-6666,www.crosscreekgc.com,Bill Robinson,"William G. Robinson, ASGCA/Tim Tarpley",Public,9,1998,Open,"VISA, MasterCard Welcomed",year round,No,Yes,,Yes,$,$,Yes,Yes,36,3409,113,35.80,36,3150,112,34.50,36,2824,114,35.70,,courses-data-18139
dallas-golf-club,Dallas Golf Club,11875 Orrs Corner Rd,11875 Orr Corner Rd,Dallas,Oregon,97338,(503) 623-6832,,,,Public,9,1989,Open,"VISA, MasterCard Welcomed",year round,Yes,Yes,,Yes,$,$,Yes,Yes,,,,,31,2031,91,29.10,31,1882,,,,courses-data-18139
eagle-creek-golf-course,Eagle Creek Golf Course,25805 SE Dowty Rd,25805 SE Dowty Rd,Eagle Creek,Oregon,97022,(503) 630-4676,,Frank Bastasch,Frank Bastasch,Public,9,1993,Open,None,year round,No,Yes,,Yes,$,$,Yes,Yes,,,,,35,3179,,,35,2878,,,,courses-data-18139
eagle-point-golf-course,Eagle Point Golf Course,100 Eagle Point Dr,100 Eagle Point Dr,Eagle Point,Oregon,97524,(541) 826-8225,www.eaglepointgolf.com,"Robert Trent Jones, Jr.","Robert Trent Jones, Jr., ASGCA",Public,18,1996,Open,"VISA, MasterCard, Amex Welcomed",year round,Yes,Yes,,Yes,$,$,Yes,Yes,72,7099,131,74.30,72,6576,129,71.70,72,5071,113,68.90,,courses-data-18139
stone-ridge-golf-club,Stone Ridge Golf Club,500 E Antelope Rd,500 E Antelope,Eagle Point,Oregon,97524,(541) 830-4653,stoneridgegolfcourse.com,Jim Cochran,James A. Cochran,Public,18,1995,Open,"VISA, MasterCard Welcomed",year round,Yes,Yes,,Yes,$,$,Yes,Yes,72,6738,132,72.50,72,6312,127,70.60,72,4986,120,70.60,,courses-data-18139
echo-hills-municipal-golf-course,Echo Hills Municipal Golf Course,400 Golf Course Rd,100 Golf Course Rd,Echo,Oregon,97826,(541) 376-8244,www.echo-oregon.com,,,Public,9,1940,Open,"VISA, MasterCard Welcomed",year round,Yes,Yes,,Yes,$,$,Yes,Yes,,,,,36,2884,113,34.10,37,2607,117,34.40,,courses-data-18139
alpine-meadows-golf-club,Alpine Meadows Golf Club,66098 Golf Course Rd,66098 Golf Course Rd.,Enterprise,Oregon,97828,(541) 426-3246,www.alpinemeadowsgolfcourse.com,,,Public,9,1926,Open,None,Open: 4/01 Closed: 10/15,No,Yes,,Yes,$,$,No,Yes,,,,,36,3033,113,33.40,38,2806,116,35.00,,courses-data-18139
springwater-golf-course,Springwater Golf Course,25230 S Wallens Rd,25230 S Wallens Rd,Estacada,Oregon,97023,(503) 630-4586,,,,Public,9,1962,Open,None,year round,No,Yes,,Yes,$,$,Yes,Yes,,,,,36,3030,124,34.40,36,2479,116,36.40,,courses-data-18139
eugene-country-club,Eugene Country Club,255 Country Club Rd,255 Country Club Rd,Eugene,Oregon,97401,(541) 344-5124,www.eugenecountryclub.com,H. Chandler Egan,"Robert Trent Jones, ASGCA",Private,18,1927,Reciprocal,None,year round,Yes,Yes,,No,$$$,$$$,Yes,Yes,72,6847,136,73.90,72,6409,133,71.70,72,5618,135,73.40,,courses-data-18139
eugene-eagles-#275-foe,Eugene Eagles #275 FOE,1375 Irving Rd,1375 Irving Rd,Eugene,Oregon,97404,(541) 688-9471,,,,Private,9,,Closed,None,year round,No,Yes,,No,$,$,No,No,,,,,27,1295,,,29,1295,,,,courses-data-18139
fiddlers-green-golf-club,Fiddler's Green Golf Club,91292 Highway 99 N,91292 Hwy 99 No,Eugene,Oregon,97402,(800) 548-5500,www.fiddlersgreen.com,John Zoller,Fuzzy Zoeller,Public,18,1964,Open,"VISA, MasterCard Welcomed",year round,Yes,Yes,,No,$,$,No,No,,,,,54,2378,,,54,2378,,,,courses-data-18139
laurelwood-golf-course,Laurelwood Golf Course,2700 Columbia St,2700 Columbia St,Eugene,Oregon,97403,(541) 484-4653,www.golflaurelwood.com,Clarence Sutton,Clarence Sutton,Public,9,,Open,"VISA, MasterCard, Amex, Discover Welcomed",year round,Yes,Yes,,Yes,$,$,Yes,Yes,35,2902,135,35.40,35,2659,116,34.20,35,2374,127,35.30,,courses-data-18139
oakway-golf-course,Oakway Golf Course,2000 Cal Young Rd Ste F,2000 Cal Young Rd,Eugene,Oregon,97401,(541) 484-1927,www.oakwaygolf.com,,John Zoller,Public,18,1947,Open,"VISA, MasterCard Welcomed",year round,Yes,Yes,,Yes,$,$,No,Yes,,,,,61,3576,91,58.60,61,3249,92,59.00,,courses-data-18139
riverridge-golf-complex-riverridge,"RiverRidge Golf Complex, RiverRidge",3800 N Delta Hwy,3800 N Delta Hwy,Eugene,Oregon,97408,(541) 345-9160,riverridgeor.com,Rick Jeffries,Rick Jeffries,Public,18,1989,Open,"VISA, MasterCard Welcomed",year round,Yes,Yes,,No,$,$,Yes,Yes,71,6256,116,68.60,71,6007,112,67.20,71,5166,112,67.70,,courses-data-18139
riverridge-golf-complex-shortridge,"RiverRidge Golf Complex, ShortRidge",3800 N Delta Hwy,3800 N Delta Hwy,Eugene,Oregon,97408,(541) 345-9160,riverridgeor.com,Rick Jeffries,Rick Jeffries,Public,18,1989,Open,"VISA, MasterCard Welcomed",year round,Yes,Yes,,No,$,$,Yes,Yes,71,6256,116,68.60,71,6007,112,67.20,71,5166,112,67.70,,courses-data-18139
riverridge-golf-complex-suttonridge,"RiverRidge Golf Complex, SuttonRidge",3800 N Delta Hwy,3800 N Delta Hwy,Eugene,Oregon,97408,(541) 345-9160,riverridgeor.com,Rick Jeffries,Rick Jeffries,Public,18,1989,Open,"VISA, MasterCard Welcomed",year round,Yes,Yes,,No,$,$,Yes,Yes,71,6256,116,68.60,71,6007,112,67.20,71,5166,112,67.70,,courses-data-18139
sunset-grove-golf-course,Sunset Grove Golf Course,41615 NW Osterman Rd,41615 NW OSterman Rd,Forest Grove,Oregon,97116,(503) 357-6044,,Ellis Vandehey,Ellis Vandehey,Public,9,1961,Open,"VISA, MasterCard Welcomed",year round,No,Yes,,Yes,$,$,Yes,Yes,,,,,36,3001,103,33.00,37,2715,107,34.00,,courses-data-18139
gearhart-golf-links,Gearhart Golf Links,1157 N Marion Ave,N Marion St,Gearhart,Oregon,97138,(503) 738-3538,www.gearhartgolflinks.com,,(R) Bill Robinson,Public,18,1913,Open,"VISA, MasterCard Welcomed",year round,No,Yes,,Yes,$,$,Yes,Yes,,,,,72,6089,112,67.90,74,5882,123,72.70,,courses-data-18139
highlands-golf-club,Highlands Golf Club,33260 Highlands Ln,1 Highland Rd,Gearhart,Oregon,97138,(503) 738-5248,www.discountdansgolf.com,George Marshall,George Marshall,Public,9,1987,Open,"VISA, MasterCard Welcomed",year round,No,Yes,,Yes,$,$,Yes,No,,,,,30,1741,,,30,1741,,,,courses-data-18139
the-childrens-course,The Children's Course,19825 River Rd,19825 River Rd,Gladstone,Oregon,97027,(503) 722-1530,www.thefirstteechildrenscourse.org,Charles Thomas,,Public,9,1960,Open,"VISA, MasterCard Welcomed",year round,No,Yes,,Yes,$,$,Yes,No,28,1480,,,28,1185,,,28,910,,,,courses-data-18139
salishan-spa-and-golf-resort,Salishan Spa and Golf Resort,PO Box 118,Hwy 101,Gleneden Beach,Oregon,97388,(541) 764-3632,www.salishan.com,Fred Federspiel,(R)Jacobsen Hardy Golf Course Design,Resort,18,1965,Open,"VISA, MasterCard, Amex, Discover Welcomed",year round,Yes,Yes,,Yes,$$,$$,Yes,Yes,72,6453,132,72.30,72,6203,130,70.40,73,5389,128,72.30,,courses-data-18139
cedar-bend-golf-course,Cedar Bend Golf Course,34391 Cedar Valley Rd,34391 Squaw Valley Rd,Gold Beach,Oregon,97444,(541) 247-6911,www.cedarbendgolf.com,John Zoller,John Zoller,Semi-Private,9,1969,Open,"VISA, MasterCard Welcomed",year round,Yes,Yes,,Yes,$,$,Yes,Yes,,,,,36,3000,115,33.80,37,2605,116,35.40,,courses-data-18139
applegate-river-golf,Applegate River Golf,7350 New Hope Rd,7350 New Hope Rd,Grants Pass,Oregon,97527,(541) 955-0480,,John Briggs,John Briggs,Public,9,1994,Open,"VISA, MasterCard Welcomed",year round,Yes,Yes,,No,$,$,Yes,No,,,,,36,2612,110,32.90,36,2446,120,34.20,,courses-data-18139
colonial-valley-links,Colonial Valley Links,75 Nelson Way,75 Nelson Way,Grants Pass,Oregon,97526,(541) 479-5568,,John Nelson,John Nelson,Public,9,1925,Open,None,year round,Yes,Yes,,No,$,$,Yes,Yes,,,,,29,1587,,54.00,31,1587,,56.00,,courses-data-18139
dutcher-creek-golf-course,Dutcher Creek Golf Course,4611 Upper River Rd,4611 Upper River Rd,Grants Pass,Oregon,97526,(541) 474-2188,www.dutchercreek.com,Dutcher Creek Ent.,Rich Ward,Public,9,1994,Open,"VISA, MasterCard Welcomed",year round,Yes,Yes,,Yes,$,$,Yes,Yes,36,3261,118,35.80,36,3022,113,34.80,36,2554,117,35.90,,courses-data-18139
red-mountain-golf-course,Red Mountain Golf Course,324 Mountain Greens Ln,324 N Schoolhouse Creek Rd,Grants Pass,Oregon,97526,(541) 479-2297,,Bob Snook,Robert Snook,Public,9,1988,Open,"VISA, MasterCard Welcomed",year round,No,Yes,,Yes,$,$,No,No,,,,,28,1118,,,29,1118,,,,courses-data-18139
grants-pass-golf-club,Grants Pass Golf Club,230 Espey Rd,230 Espey Rd,Grants Pass,Oregon,97527,(541) 476-0849,www.grantspassgolfclub.com,,,Semi-Private,18,1948,Open,"VISA, MasterCard Welcomed",year round,Yes,Yes,,Yes,$,$,Yes,Yes,72,6425,131,71.50,72,6101,128,69.80,73,5300,121,71.40,,courses-data-18139
gresham-golf-course,Gresham Golf Course,2155 NE Division St,2155 NE Division St,Gresham,Oregon,97030,(503) 665-3352,,Ed Hogan,Sam Wolsborn/Eddie Hogan,Semi-Private,18,1965,Open,"VISA, MasterCard Welcomed",year round,Yes,Yes,,Yes,$,$,Yes,Yes,72,6012,109,68.30,72,5814,105,67.30,72,5284,107,69.00,,courses-data-18139
persimmon-country-club,Persimmon Country Club,500 SE Butler Rd,500 SE Butler Rd,Gresham,Oregon,97080,(503) 661-1800,www.Persimmoncc.com,Gene Bunny Mason,Gene Mason,Semi-Private,18,1992,Open,"VISA, MasterCard, Amex, Discover Welcomed",year round,Yes,Yes,,Yes,$$,$$,Yes,Included in fee,72,6678,125,71.20,72,6229,122,69.50,72,5634,122,70.30,,courses-data-18139
willow-creek-country-club,Willow Creek Country Club,State Route 74,53726 Hwy 74,Heppner,Oregon,97836,(541) 676-5437,,,,Public,9,1954,Open,None,year round,No,Yes,,No,$,$,No,No,,,,,30,1725,82,29.10,30,1725,82,29.20,,courses-data-18139
killarney-west-golf-club,Killarney West Golf Club,1275 NW 334th Ave,1275 NW 334th Ave,Hillsboro,Oregon,97124,(503) 648-7634,,Hank Van Grunsven,Hank Van Grunsven,Public,9,1979,Open,None,year round,No,Yes,,Yes,$,$,Yes,Yes,,,,,36,2544,108,,36,2544,,,,courses-data-18139
meriwether-national-golf-course-executive,"Meriwether National Golf Course, Executive",5200 SW Rood Bridge Rd,5200 SW Roodbridge Rd,Hillsboro,Oregon,97123,(503) 648-4143,www.meriwethergolfclub.com,Dave Powers,Dave Powers,Public,18,1993,Open,"VISA, MasterCard Welcomed",year round,Yes,Yes,,Yes,$,$,Yes,Yes,72,6752,115,71.30,72,6329,111,69.10,72,5665,114,72.30,,courses-data-18139
meriwether-national-golf-course-north,"Meriwether National Golf Course, North",5200 SW Rood Bridge Rd,5200 SW Roodbridge Rd,Hillsboro,Oregon,97123,(503) 648-4143,www.meriwethergolfclub.com,Dave Powers,Fred Federspiel,Public,18,1993,Open,"VISA, MasterCard Welcomed",year round,Yes,Yes,,Yes,$,$,Yes,Yes,72,6752,115,71.30,72,6329,111,69.10,72,5665,114,72.30,,courses-data-18139
meriwether-national-golf-course-south,"Meriwether National Golf Course, South",5200 SW Rood Bridge Rd,5200 SW Roodbridge Rd,Hillsboro,Oregon,97123,(503) 648-4143,www.meriwethergolfclub.com,Dave Powers,Fred Federspiel,Public,18,1993,Open,"VISA, MasterCard Welcomed",year round,Yes,Yes,,Yes,$,$,Yes,Yes,72,6752,115,71.30,72,6329,111,69.10,72,5665,114,72.30,,courses-data-18139
meriwether-national-golf-course-west,"Meriwether National Golf Course, West",5200 SW Rood Bridge Rd,5200 SW Roodbridge Rd,Hillsboro,Oregon,97123,(503) 648-4143,www.meriwethergolfclub.com,Dave Powers,Dave Powers,Public,18,1993,Open,"VISA, MasterCard Welcomed",year round,Yes,Yes,,Yes,$,$,Yes,Yes,72,6752,115,71.30,72,6329,111,69.10,72,5665,114,72.30,,courses-data-18139
valley-golf-club,Valley Golf Club,Off Highway #20,345 Hines Blvd,Hines,Oregon,97738,(541) 573-6251,,Shelby McCool,Shelby McCool,Semi-Private,9,1939,Open,None,year round,No,Yes,,Yes,$,$,No,Yes,,,,,36,3190,107,34.70,36,2747,117,36.60,,courses-data-18139
hood-river-golf-course,Hood River Golf Course,1850 Country Club Rd,1850 Country Club Rd,Hood River,Oregon,97031,(541) 386-3009,www.hoodrivergolf.com,H. Chandler Egan & George Junor,H. Chandler Eagan/George Junor,Public,9,1922,Open,"VISA, MasterCard Welcomed",year round,Yes,Yes,,Yes,$,$,Yes,Yes,,,,,36,2980,111,33.80,36,2650,104,34.20,,courses-data-18139
indian-creek-golf-course,Indian Creek Golf Course,3605 Brookside Dr,3605 Brookside Rd,Hood River,Oregon,97031,(541) 386-7770,www.indiancreekgolf.com,Buny Mason,Dave Martin,Public,18,1989,Open,"VISA, MasterCard, Discover Welcomed",year round,Yes,Yes,,No,$,$,Yes,Yes,72,6118,126,70.00,72,5365,118,67.40,72,4547,116,67.70,,courses-data-18139
oak-knoll-golf-course,Oak Knoll Golf Course,6335 Highway 22,6335 Hwy 22,Independence,Oregon,97351,(503) 378-0344,www.oakknollgolfcourse.com,Bill Ashby,Al Olsen,Public,18,1926,Open,"VISA, MasterCard Welcomed",year round,Yes,Yes,,Yes,$,$,Yes,Yes,72,6208,113,68.60,72,5909,111,67.10,72,5239,113,69.20,,courses-data-18139
john-day-golf-club-inc,"John Day Golf Club, Inc.",27631 Golf Club Ln,W Hwy 26,John Day,Oregon,97845,(541) 575-0170,,,,Semi-Private,9,1953,Open,VISA Welcomed,year round,Yes,Yes,,Yes,$,$,No,Yes,,,,,35,2930,111,33.60,37,2854,111,35.60,,courses-data-18139
shadow-hills-country-club,Shadow Hills Country Club,92512 River Rd,92512 River Rd,Junction City,Oregon,97448,(541) 998-8441,shadowhillscc.org,Alex Kindsfather,Bill Robinson,Private,18,1962,Reciprocal,"VISA, MasterCard Welcomed",year round,Yes,Yes,,No,$$,$$,Yes,Yes,72,7007,135,73.80,72,6726,133,72.50,72,5348,118,70.40,,courses-data-18139
king-city-golf-course,King City Golf Course,15355 SW Royalty Pkwy,15355 SW Royalty Pkwy,King City,Oregon,97224,(503) 639-7986,,,,Semi-Private,9,1958,Open,None,year round,No,Yes,,Yes,$,$,Yes,Yes,,,,,34,2428,90,31.00,35,2284,96,32.30,,courses-data-18139
harbor-links-golf-course,Harbor Links Golf Course,601 Harbor Isle Blvd,601 Harbor Isles Blvd,Klamath Falls,Oregon,97601,(541) 882-0609,,Ren Black,Ken Black,Public,18,1985,Open,"VISA, MasterCard, Amex, Discover Welcomed",year round,Yes,Yes,,No,$,$,Yes,Yes,72,6272,117,69.30,72,6090,115,68.50,72,5709,119,71.20,,courses-data-18139
round-lake-resort,Round Lake Resort,4000 Round Lake Rd,4000 Round Lake Rd,Klamath Falls,Oregon,97601,(541) 884-2520,www.roundlakerv.com,,,Public,9,1972,Open,None,Open: 3/15 Closed: 11/01,No,Yes,,Yes,$,$,No,No,,,,,29,1512,,,29,1512,,,,courses-data-18139
shield-crest-golf-course,Shield Crest Golf Course,3151 Shield Crest Dr,3151 Shield Crest Dr,Klamath Falls,Oregon,97603,(541) 884-1493,www.shieldcrestgc.com,Lyman & Magnum,,Semi-Private,18,1988,Open,"VISA, MasterCard Welcomed",year round,Yes,Yes,,No,$,$,Yes,Yes,72,7005,122,72.10,72,6637,120,70.60,74,5464,118,73.40,,courses-data-18139
la-grande-country-club,La Grande Country Club,10603 S McAlister Rd,10605 S McAllister Rd,La Grande,Oregon,97850,(541) 963-4241,www.lagrandecountryclub.com,B.B. Baker,B.B. Baker,Private,9,1928,Reciprocal,"VISA, MasterCard Welcomed",year round,Yes,Yes,,No,$,$,Yes,Yes,,,,,36,3267,123,35.30,38,2858,120,35.50,,courses-data-18139
oswego-lake-country-club,Oswego Lake Country Club,20 Iron Mountain Blvd,20 Iron Mountain Blvd,Lake Oswego,Oregon,97034,(503) 635-3659,www.oswegolakecountryclub.com,H. Chandler Egan,H. Chandler Egan,Private,18,1926,Reciprocal,None,year round,Yes,Yes,,Yes,$$,$$,Yes,Yes,71,6557,132,71.90,71,6286,127,70.60,73,5382,121,71.90,,courses-data-18139
lake-oswego-municipal-golf-course,Lake Oswego Municipal Golf Course,17525 Stafford Rd,17525 SW Stafford Rd,Lake Oswego,Oregon,97034,(503) 636-8228,www.lakeoswegogolf.org,Shirley Stone,Shirley Stone,Public,18,1964,Open,"VISA, MasterCard Welcomed",year round,Yes,Yes,,Yes,$,$,Yes,No,,,,,54,2693,,,54,2693,,,,courses-data-18139
lakeridge-golf-course,Lakeridge Golf Course,94378 Highway 140,Hwy 140,Lakeview,Oregon,97630,(541) 947-3855,,Charles Sullivan,Charles Sullivan,Public,9,,Open,"VISA, MasterCard Welcomed",Open: 3/01 Closed: 10/31,Yes,Yes,,Yes,$,$,No,Yes,,,,,36,3324,119,35.00,37,2898,121,35.90,,courses-data-18139
pineway-golf-course,Pineway Golf Course,30949 Pineway Rd,30949 Pineway Rd,Lebanon,Oregon,97355,(541) 258-8815,,Fred Federspiel,Fred Federspiel,Public,9,1958,Open,"VISA, MasterCard Welcomed",year round,Yes,Yes,,No,$,$,Yes,Yes,,,,,36,2967,108,34.00,37,2903,119,36.60,,courses-data-18139
chinook-winds-golf-resort,Chinook Winds Golf Resort,3245 NE 50th St,3245 Club House Dr,Lincoln City,Oregon,97367,(541) 994-8442,www.chinookwindscasino.com,,,Semi-Private,18,1926,Open,"VISA, MasterCard, Amex, Discover Welcomed",year round,Yes,Yes,,No,$,$,Yes,Yes,66,4636,102,62.00,66,4310,99,61.10,71,3972,96,62.10,,courses-data-18139
elkhorn-valley-golf-course,Elkhorn Valley Golf Course,32295 N Fork Rd SE,32295 N Fork Rd,Lyons,Oregon,97358,(503) 897-3368,www.elkhorngolf.com,Don Cutler,Don Cutler,Public,9,1977,Open,"VISA, MasterCard, Discover Welcomed",Open: 3/01 Closed: 11/01,No,Yes,,Yes,$,$,Yes,Yes,36,3169,136,71.40,36,2829,126,68.80,36,2009,116,63.80,,courses-data-18139
manzanita-golf-course,Manzanita Golf Course,908 Lakeview Drive,Lakeview Dr,Manzanita,Oregon,97130,(503) 368-5744,,Ted Erickson,Ted Erickson,Public,9,1987,Open,"VISA, MasterCard Welcomed",year round,Yes,Yes,,Yes,$,$,Yes,No,,,,,32,2192,97,30.90,33,2100,102,31.60,,courses-data-18139
michelbook-country-club,Michelbook Country Club,1301 NW Michelbook Ln,1301 Michelbook Ln,McMinnville,Oregon,97128,(503) 472-8079,www.michelbook.com,Shirley Stone,Shirley Stone,Private,18,1964,Reciprocal,"VISA, MasterCard Welcomed",year round,Yes,Yes,,Yes,$,$,Yes,Yes,72,6581,126,71.40,72,6212,124,69.90,72,5599,122,72.20,,courses-data-18139
bayou-golf-club-bayou,"Bayou Golf Club, Bayou",9301 SW Bayou Dr,9301 SW Bayou Dr,McMinnville,Oregon,97128,(503) 472-4651,www.bayougolfcourse.com,William Sander,William Sander,Public,9,1964,Open,None,Open: 2/01 Closed: 11/01,Yes,Yes,,Yes,$,$,Yes,Yes,,,,,27,1020,,,27,950,,,,courses-data-18139
bayou-golf-club-par-3,"Bayou Golf Club, Par-3",9301 SW Bayou Dr,9301 SW Bayou Dr,McMinnville,Oregon,97128,(503) 472-4651,www.bayougolfcourse.com,William Sander,William Sander,Public,9,1964,Open,None,Open: 2/01 Closed: 11/01,Yes,Yes,,Yes,$,$,Yes,Yes,,,,,27,1020,,,27,950,,,,courses-data-18139
rogue-valley-country-club-oaks,"Rogue Valley Country Club, Oaks",2660 Hillcrest Rd,2660 Hillcrest Rd,Medford,Oregon,97504,(541) 772-4050,www.rvcc.com,H. Chandler Egan,"H. Chandler Egan/(R) Robert Muir Graves, ASGCA",Private,9,1927,Reciprocal,"VISA, MasterCard Welcomed",year round,Yes,Yes,,Yes,$$,$$,Yes,Yes,35,3275,128,36.00,35,3071,124,35.00,37,2941,132,37.70,,courses-data-18139
rogue-valley-country-club-rogue-valley,"Rogue Valley Country Club, Rogue Valley",2660 Hillcrest Rd,2660 Hillcrest Rd,Medford,Oregon,97504,(541) 772-4050,www.rvcc.com,H. Chandler Egan,"H. Chandler Egan/(R) Robert Muir Graves, ASGCA",Private,9,1927,Reciprocal,"VISA, MasterCard Welcomed",year round,Yes,Yes,,Yes,$$,$$,Yes,Yes,35,3275,128,36.00,35,3071,124,35.00,37,2941,132,37.70,,courses-data-18139
bear-creek-golf-course,Bear Creek Golf Course,2355 S Pacific Hwy,2355 S Pacific Hwy,Medford,Oregon,97501,(541) 773-1822,www.golfbearcreek.com,Shirley Stone,Sharon Wright,Public,9,1965,Open,"VISA, MasterCard Welcomed",year round,Yes,Yes,,Yes,$,$,No,No,,,,,28,1509,84,28.30,30,1509,82,28.00,,courses-data-18139
stewart-meadows-golf-course,Stewart Meadows Golf Course,1301 S Holly St,1301 S Holly St,Medford,Oregon,97501,(541) 770-6554,www.stewartmeadows.com,Chuck Mangum,Chuck Mangum,Public,9,1994,Open,"VISA, MasterCard Welcomed",year round,Yes,No,,Yes,$,$,Yes,Yes,,,,,35,2910,115,33.80,35,2466,115,34.10,,courses-data-18139
quail-point-golf-course,Quail Point Golf Course,1200 Mira Mar Ave,1200 Mira Mar Ave,Medford,Oregon,97504,(541) 857-7000,quailpointgolf.com,,"(R)John Fought, ASGCA",Semi-Private,9,1993,Open,"VISA, MasterCard Welcomed",year round,Yes,Yes,,Yes,$,$,Yes,Yes,35,3056,123,34.70,35,2949,120,34.00,35,2557,115,34.20,,courses-data-18139
milton-freewater-golf-course,Milton-Freewater Golf Course,301 Catherine Ave,301 Catherine Ave,Milton Freewater,Oregon,97862,(541) 938-7284,www.mfcity.com,George McRae,George McRae,Public,18,1974,Open,None,year round,No,Yes,,Yes,$,$,Yes,Yes,,,,,60,3346,80,55.40,61,3314,83,58.10,,courses-data-18139
arrowhead-golf-club,Arrowhead Golf Club,28301 S Highway 213,28301 S Hwy 213,Molalla,Oregon,97038,(503) 829-8080,www.golfarrowhead.com,Kip Kappler,"Craig Schreiner, ASGCA",Private,18,1961,Reciprocal,"VISA, MasterCard Welcomed",year round,Yes,Yes,,Yes,$,$,Yes,Yes,72,6343,123,70.50,72,6050,119,68.70,73,5253,106,69.40,,courses-data-18139
evergreen-golf-club,Evergreen Golf Club,11694 W Church Rd NE,11694 W Church Rd NE,Mount Angel,Oregon,97362,(503) 845-9911,www.evergreenoregon.com,Bill Schaefer,Bill Schaefer,Public,9,1960,Open,"VISA, MasterCard, Discover Welcomed",year round,No,Yes,,Yes,$,$,Yes,Yes,,,,,36,3021,114,34.30,36,3021,114,35.40,,courses-data-18139
myrtle-creek-golf-course,Myrtle Creek Golf Course,1316 SE Fairway Dr,Fairway Dr,Myrtle Creek,Oregon,97457,(541) 863-4653,www.myrtlecreekgolf.com,Graham Cooke,Graham Cooke,Public,18,1997,Open,"VISA, MasterCard Welcomed",year round,Yes,Yes,,Yes,$,$,Yes,Yes,72,6637,135,72.30,72,6387,129,70.20,72,5418,137,72.80,,courses-data-18139
neskowin-marsh-golf-course,Neskowin Marsh Golf Course,48405 Hawk Street,48405 Hawk St,Neskowin,Oregon,97149,(503) 392-3377,,Ercel Kay,Ercel Kay,Public,9,1932,Open,"VISA, MasterCard Welcomed",Open: 5/01 Closed: 11/01,No,Yes,,Yes,$,$,Yes,Yes,,,,,35,2591,103,32.70,35,2448,110,33.90,,courses-data-18139
agate-beach-golf-course,Agate Beach Golf Course,4100 N Coast Hwy,4100 N Coast Hwy,Newport,Oregon,97365,(541) 265-7331,www.agatebeachgolf.net,Frank Stenzel,Frank Stenzel,Public,9,1931,Open,"VISA, MasterCard, Discover Welcomed",year round,Yes,Yes,,Yes,$,$,Yes,Yes,,,,,36,3002,107,33.00,38,2894,109,34.70,,courses-data-18139
circle-bar-golf-club,Circle Bar Golf Club,48447 Westoak Rd,48447 W Oak Rd,Oakridge,Oregon,97463,(541) 782-3541,www.circlebargolf.org,Clarence Sutton,Clarence Sutton,Semi-Private,9,1952,Open,None,Open: 3/01 Closed: 11/01,No,Yes,,Yes,$,$,Yes,Yes,,,,,36,3281,123,37.10,37,2985,118,36.50,,courses-data-18139
ontario-golf-club,Ontario Golf Club,1345 Golf Course Rd,1345 Golf Course Rd,Ontario,Oregon,97914,(541) 889-9022,www.oregongolf.com/ontario,Bob E. Baldock,Bob E. Baldock,Public,18,1964,Open,"VISA, MasterCard Welcomed",Open: 3/01 Closed: 11/15,Yes,Yes,,Yes,$,$,Yes,Yes,72,6795,111,70.40,72,6502,111,69.30,74,5742,120,73.30,,courses-data-18139
wildhorse-resort-golf-course,Wildhorse Resort Golf Course,72787 Highway 331,72787 Hwy 331,Pendleton,Oregon,97801,(541) 276-5588,www.wildhorseresort.com,John Steidel,"John Steidel, ASGCA",Resort,18,1997,Open,"VISA, MasterCard, Amex, Discover Welcomed",year round,Yes,Yes,,No,$,$,Yes,Yes,72,7112,125,73.80,72,6647,120,70.90,72,5718,122,72.10,,courses-data-18139
columbia-edgewater-country-club-columbia-edgewater-countr,"Columbia Edgewater Country Club, Columbia-Edgewater Countr",2220 NE Marine Dr,2220 NE Marine Dr,Portland,Oregon,97211,(503) 285-8354,www.cecc.com,Vernon Macan,"A. Vernon Macan, ASGCA",Private,18,1925,Reciprocal,"VISA, MasterCard Welcomed",year round,Yes,Yes,,No,$$,$$,Yes,Yes,71,6702,131,72.90,71,6021,124,69.60,72,5416,125,71.50,,courses-data-18139
columbia-edgewater-country-club-par-3,"Columbia Edgewater Country Club, Par 3",2220 NE Marine Dr,2220 NE Marine Dr,Portland,Oregon,97211,(503) 285-8354,www.cecc.com,Vernon Macan,"Bunny Mason, Dan Hixson, Gordon Kiyokawa",Private,18,1925,Reciprocal,"VISA, MasterCard Welcomed",year round,Yes,Yes,,No,$$,$$,Yes,Yes,71,6702,131,72.90,71,6021,124,69.60,72,5416,125,71.50,,courses-data-18139
portland-golf-club,Portland Golf Club,5900 SW Scholls Ferry Rd,5900 SW Scholls Ferry Rd,Portland,Oregon,97225,(503) 292-2778,www.portlandgolfclub.com,George Turnbull,George Turnbull,Private,18,1914,Reciprocal,None,year round,Yes,Yes,,Yes,$$$,$$$,Yes,Yes,72,6683,131,72.40,72,6323,127,70.80,73,5868,127,74.00,,courses-data-18139
riverside-golf-and-country-club,Riverside Golf & Country Club,8105 NE 33rd Dr,8105 NE 33rd Dr,Portland,Oregon,97211,(503) 282-7265,www.riversidegcc.com,James Henderson,H. Chandler Egan,Private,18,1926,Reciprocal,"VISA, MasterCard Welcomed",year round,Yes,Yes,,No,$,$,Yes,Yes,72,6624,129,72.20,72,6393,128,71.40,73,5738,130,74.10,,courses-data-18139
rock-creek-country-club,Rock Creek Country Club,5100 NW Neakahnie Ave,5100 NW Neakahnie Ave,Portland,Oregon,97229,(503) 645-1101,www.rockcreekcountryclub.com,William Sander,William Sander,Private,18,1958,Reciprocal,None,year round,Yes,Yes,,Yes,$,$,Yes,Yes,72,6637,123,71.90,72,6415,122,71.00,74,5629,135,77.10,,courses-data-18139
waverley-country-club,Waverley Country Club,1100 SE Waverly Dr,1100 SE Waverly Dr,Portland,Oregon,97222,(503) 654-9509,www.waverley.cc,Jack Moffett,Jack Moffitt,Private,18,1896,Reciprocal,None,year round,Yes,Yes,,Yes,$$,$$,No,Yes,72,6465,119,71.60,72,6282,116,70.40,72,5875,126,74.10,,courses-data-18139
broadmoor-golf-course,Broadmoor Golf Course,3509 NE Columbia Blvd,3509 NE Columbia Blvd,Portland,Oregon,97211,(503) 281-1337,www.broadmoor-1931.com,George Junor,George Junor,Public,18,1932,Open,"VISA, MasterCard Welcomed",year round,Yes,Yes,,Yes,$,$,Yes,Yes,72,6467,122,70.20,72,6023,116,68.20,73,5388,110,69.90,,courses-data-18139
claremont-golf-club,Claremont Golf Club,15800 NW Country Club Dr,15800 NW Country Club Dr,Portland,Oregon,97229,(503) 690-4589,www.claremontgolfclub.com,,John Slavghter,Public,9,1989,Open,"VISA, MasterCard Welcomed",year round,No,Yes,,No,$,$,Yes,Yes,36,3054,116,34.30,36,2961,109,33.00,37,2692,114,35.20,,courses-data-18139
colwood-national-golf-club,Colwood National Golf Club,7313 NE Columbia Blvd,7313 NE Columbia Blvd,Portland,Oregon,97218,(503) 254-5515,www.colwoodgolfclub.com,Vernon Macan,"A. Vernon Macan, ASGCA",Public,18,1929,Open,"VISA, MasterCard Welcomed",year round,No,Yes,,Yes,$,$,Yes,Yes,,,,,70,5600,108,66.20,74,5164,107,68.50,,courses-data-18139
eastmoreland-golf-course,Eastmoreland Golf Course,2425 SE Bybee Blvd,2425 SE Bybee Blvd,Portland,Oregon,97202,(503) 775-2900,www.eastmorelandgolfcourse.com,H. Chandler Egan,H. Chadler Eagan,Public,18,1921,Open,"VISA, MasterCard Welcomed",year round,Yes,Yes,,Yes,$,$,Yes,Yes,72,6529,127,72.20,72,6106,120,69.80,74,5646,119,72.50,,courses-data-18139
glendoveer-golf-course-east,"Glendoveer Golf Course, East",14015 NE Glisan St,14015 NE Glisan St,Portland,Oregon,97230,(503) 253-7507,,Frank Stenzel,John Junor,Public,18,1928,Open,None,year round,Yes,Yes,,Yes,$,$,Yes,Yes,71,5922,111,67.50,71,5576,109,66.20,75,5117,106,68.20,,courses-data-18139
glendoveer-golf-course-west,"Glendoveer Golf Course, West",14015 NE Glisan St,14015 NE Glisan St,Portland,Oregon,97230,(503) 253-7507,,Frank Stenzel,Frank Stenzel,Public,18,1928,Open,None,year round,Yes,Yes,,Yes,$,$,Yes,Yes,71,5922,111,67.50,71,5576,109,66.20,75,5117,106,68.20,,courses-data-18139
heron-lakes-golf-course-great-blue,"Heron Lakes Golf Course, Great Blue",3500 N Victory Blvd,3500 N Victory Blvd,Portland,Oregon,97217,(503) 289-1818,www.heronlakesgolf.com,"Robert Trent Jones, Jr.","Robert Trent Jones, Jr., ASGCA",Public,18,1993,Open,"VISA, MasterCard, Discover Welcomed",year round,Yes,Yes,,Yes,$,$,Yes,Yes,72,6504,128,71.30,72,6056,122,69.40,72,5285,120,69.80,,courses-data-18139
heron-lakes-golf-course-the-greenback,"Heron Lakes Golf Course, The Greenback",3500 N Victory Blvd,3500 N Victory Blvd,Portland,Oregon,97217,(503) 289-1818,www.heronlakesgolf.com,"Robert Trent Jones, Jr.","Robert Trent Jones, ASGCA",Public,18,1993,Open,"VISA, MasterCard, Discover Welcomed",year round,Yes,Yes,,Yes,$,$,Yes,Yes,72,6504,128,71.30,72,6056,122,69.40,72,5285,120,69.80,,courses-data-18139
portland-meadows-golf-course,Portland Meadows Golf Course,901 N Schmeer Rd,901 N Schmeer Rd,Portland,Oregon,97217,(503) 289-3405,www.portlandmeadows.com/Golf+Course,Eddie Hogan & Stan Terry,Eddie Hogan/Stan Terry,Public,9,1961,Open,None,Open: 5/01 Closed: 9/01,Yes,Yes,,Yes,$,$,No,No,,,,,31,1983,,,35,1983,,,,courses-data-18139
rose-city-golf-course,Rose City Golf Course,2200 NE 71st Ave,2200 NE 71St Ave,Portland,Oregon,97213,(503) 253-4744,www.rosecitygc.com,George Otten,George Otten,Public,18,1923,Open,"VISA, MasterCard, Discover Welcomed",year round,No,Yes,,Yes,$,$,Yes,Yes,72,6520,118,71.90,72,6133,115,69.20,73,5582,111,71.60,,courses-data-18139
wildwood-golf-course,Wildwood Golf Course,21881 NW Saint Helens Rd,21881 NW St Helens Rd,Portland,Oregon,97231,(503) 621-3402,,Bill O'Meara,Bill O'Meara,Public,18,1990,Open,"VISA, MasterCard Welcomed",year round,No,Yes,,Yes,$,$,Yes,Yes,,,,,72,5756,111,68.10,72,4985,117,68.40,,courses-data-18139
prineville-golf-and-country-club,Prineville Golf & Country Club,7120 NE Ochoco Hwy,7120 Ochoco Hwy,Prineville,Oregon,97754,(541) 447-7266,www.golfprineville.com,"E. Hogan, T. Longworth & G. Junor",Eddie Hogan/T. Longworth/George Junor,Private,9,1956,Reciprocal,VISA Welcomed,year round,Yes,Yes,,No,$,$,No,Yes,,,,,33,2525,112,32.10,34,2268,113,33.60,,courses-data-18139
meadow-lakes-golf-course,Meadow Lakes Golf Course,300 SW Meadowlakes Dr,300 Meadow Lakes Dr,Prineville,Oregon,97754,(541) 447-7113,www.meadowlakesgc.com,William G. Robinson,Bill Robinson,Public,18,1993,Open,"VISA, MasterCard Welcomed",year round,Yes,Yes,,Yes,$,$,Yes,Yes,72,6731,131,73.10,72,6398,128,71.80,72,5155,121,69.00,,courses-data-18139
the-greens-at-redmond,The Greens at Redmond,2575 SW Greens Blvd,2575 SW Greens Blvd,Redmond,Oregon,97756,(541) 923-0694,www.greensatredmond.com,Robert Muir Graves,"Robert Muir Graves, ASGCA",Public,9,1995,Open,"VISA, MasterCard Welcomed",year round,Yes,Yes,,Yes,$,$,No,Yes,29,1686,100,29.50,29,1505,95,28.80,29,1220,93,28.60,,courses-data-18139
eagle-crest-golf-resort-challenge-course,"Eagle Crest Golf Resort, Challenge Course",1522 Cline Falls Rd,1522 Cline Falls Rd,Redmond,Oregon,97756,(541) 923-4653,www.eagle-crest.com,John Thronson,John Thronson,Resort,18,1992,Open,"VISA, MasterCard, Amex, Discover Welcomed",year round,Yes,Yes,,Yes,$,$,Yes,Yes,72,6927,131,73.00,72,6524,125,70.70,72,4792,115,66.10,,courses-data-18139
eagle-crest-golf-resort-resort,"Eagle Crest Golf Resort, Resort",1522 Cline Falls Rd,1522 Cline Falls Rd,Redmond,Oregon,97756,(541) 923-4653,www.eagle-crest.com,John Thronson,Gene Mason,Resort,18,1992,Open,"VISA, MasterCard, Amex, Discover Welcomed",year round,Yes,Yes,,Yes,$,$,Yes,Yes,72,6927,131,73.00,72,6524,125,70.70,72,4792,115,66.10,,courses-data-18139
eagle-crest-golf-resort-ridge,"Eagle Crest Golf Resort, Ridge",1522 Cline Falls Rd,1522 Cline Falls Rd,Redmond,Oregon,97756,(541) 923-4653,www.eagle-crest.com,John Thronson,John Thronson,Resort,18,1992,Open,"VISA, MasterCard, Amex, Discover Welcomed",year round,Yes,Yes,,Yes,$,$,Yes,Yes,72,6927,131,73.00,72,6524,125,70.70,72,4792,115,66.10,,courses-data-18139
juniper-golf-club,Juniper Golf Club,1938 SW Elkhorn Ave,139 SE Sisters Ave,Redmond,Oregon,97756,(541) 548-3121,www.junipergolf.com,Fred Sparks,"John F. Harbottle, III, ASGCA",Semi-Private,18,1945,Open,"VISA, MasterCard Welcomed",year round,Yes,Yes,,Yes,$,$,Yes,Yes,72,6543,124,71.30,72,6241,120,69.80,72,5609,115,70.90,,courses-data-18139
forest-hills-country-club,Forest Hills Country Club,1 Country Club Dr,1 Country Club Dr,Reedsport,Oregon,97467,(541) 271-2626,www.reedsportgolfing.com,,,Semi-Private,9,1960,Open,"VISA, MasterCard Welcomed",year round,Yes,Yes,,Yes,$,$,Yes,Yes,,,,,36,3108,120,34.90,37,2774,114,35.80,,courses-data-18139
roseburg-country-club,Roseburg Country Club,5051 Garden Valley Rd,5051 Garden Valley Rd,Roseburg,Oregon,97470,(541) 672-4041,www.roseburgcountryclub.com,George Junor,George Junor/(R) Gene Mason,Private,18,1923,Reciprocal,None,year round,Yes,Yes,,No,$,$,Yes,Yes,71,6484,125,70.50,71,6049,119,68.90,72,5394,116,70.80,,courses-data-18139
stewart-park-municipal-golf-course,Stewart Park Municipal Golf Course,1005 NW Stewart Pkwy,1005 Stewart Pkwy Dr,Roseburg,Oregon,97470,(541) 672-4592,www.ci.roseburg.or.us/park/parkGolf.php,,,Public,9,1960,Open,"VISA, MasterCard Welcomed",year round,Yes,Yes,,Yes,$,$,Yes,Yes,,,,,35,2909,112,34.40,37,2778,118,36.80,,courses-data-18139
creekside-golf-course,Creekside Golf Course,6250 Club House Dr SE,6250 Club House Dr SE,Salem,Oregon,97306,(503) 363-4653,www.golfcreekside.com,Peter Jacobsen,Peter Jacobsen,Private,18,1993,Reciprocal,"VISA, MasterCard, Amex Welcomed",year round,Yes,Yes,,No,$,$,Yes,Yes,72,6887,131,73.60,72,6521,128,71.90,72,5596,130,72.60,,courses-data-18139
illahe-hills-country-club,Illahe Hills Country Club,3376 Country Club Dr S,3376 Country Club Rd S,Salem,Oregon,97302,(503) 581-3233,www.illahehills.com,William F. Bell,"William F. Bell, ASGCA/(R) Robert Muir Graves, ASGCA",Private,18,1961,Reciprocal,"VISA, MasterCard Welcomed",year round,Yes,Yes,,No,$,$,Yes,Yes,72,6735,130,72.40,72,6411,128,70.80,73,5621,126,72.70,,courses-data-18139
auburn-center-golf-club,Auburn Center Golf Club,5220 Center St NE,5220 Center St NE,Salem,Oregon,97301,(503) 363-4404,,Wayne & Sue Larson,Wayne Larson/Sue Larson,Public,9,,Open,None,year round,No,Yes,,Yes,$,$,No,No,,,,,29,1338,,,29,1338,,,,courses-data-18139
meadowlawn-golf-course,Meadowlawn Golf Course,3898 Meadowlawn Loop SE,3898 Meadowlawn Loop SE,Salem,Oregon,97301,(503) 363-7391,www.meadowlawngolf.net,Lee Ohmart,Lee Ohmart,Public,9,1968,Open,None,year round,No,Yes,,Yes,$,$,Yes,Yes,,,,,32,2043,92,29.30,32,1905,92,30.30,,courses-data-18139
salem-golf-club,Salem Golf Club,2025 Golf Course Rd S,2025 Golf Course Rd S,Salem,Oregon,97302,(503) 363-6652,www.salemgolfclub.com,Ercel Kay,Ercel Kay,Semi-Private,18,1928,Open,"VISA, MasterCard Welcomed",year round,Yes,Yes,,Yes,$,$,Yes,Yes,72,6200,114,68.40,72,5692,112,67.10,72,5163,113,68.10,,courses-data-18139
seaside-golf-course,Seaside Golf Course,451 Avenue U,451 Ave U,Seaside,Oregon,97138,(503) 738-5261,,H. Chandler Egan,H. Chandler Egan,Public,9,1921,Open,"VISA, MasterCard, Discover Welcomed",year round,No,Yes,,Yes,$,$,No,Yes,,,,,35,2593,104,32.50,35,2593,104,33.30,,courses-data-18139
bear-valley-meadows-golf-course,Bear Valley Meadows Golf Course,12 Valley Way,12 Valley Way,Seneca,Oregon,97873,(541) 542-2161,www.pasturegolf.com/bear.htm,Lee Brune,Lee Brune,Public,9,1996,Open,None,Open: 5/01 Closed: 10/01,Yes,Yes,,No,,,No,No,,,,,36,3550,,,36,3550,,,,courses-data-18139
aspen-lakes-golf-course,Aspen Lakes Golf Course,16900 Aspen Lakes Dr,16900 Aspen Lakes Dr,Sisters,Oregon,97759,(541) 549-4653,www.aspenlakes.com,Bill Overdorf,William Overdorf,Public,18,1997,Open,"VISA, MasterCard, Discover Welcomed",Apr - Nov.,Yes,Yes,,No,$,$,Yes,Yes,36,3661,134,37.40,36,3497,130,36.40,36,2782,118,36.30,,courses-data-18139
springfield-country-club,Springfield Country Club,90333 Sunderman Rd,90333 Sunderman Rd,Springfield,Oregon,97478,(541) 747-2517,www.springfieldcountryclub.com,Sid Milligan,Sid Milligan,Private,18,1957,Reciprocal,"VISA, MasterCard Welcomed",year round,Yes,No,,Yes,$,$,Yes,Yes,71,6341,123,70.70,71,6002,118,69.10,73,5443,116,71.10,,courses-data-18139
santiam-golf-club,Santiam Golf Club,8724 Golf Club Rd SE,8724 Golf Club Rd SE,Stayton,Oregon,97383,(503) 769-3485,www.santiamgolfclub.com,Fred Federspiel,Fred Federspiel,Public,18,1957,Open,"VISA, MasterCard Welcomed",year round,Yes,Yes,,Yes,$,$,Yes,Yes,72,6392,123,69.90,72,6363,119,68.80,75,5469,119,70.70,,courses-data-18139
umpqua-golf-resort,Umpqua Golf Resort,1919 Recreation Ln,1919 Recreation Ln,Sutherlin,Oregon,97479,(541) 459-4422,www.umpquagolfresort.com,,,Public,18,1971,Open,"VISA, MasterCard Welcomed",year round,Yes,Yes,,No,$,$,Yes,Yes,72,6346,121,70.30,72,6079,119,69.20,73,5427,122,71.50,,courses-data-18139
the-dalles-country-club,The Dalles Country Club,4550 Highway 30W,4550 Hwy 30 W,The Dalles,Oregon,97058,(541) 296-5252,,,,Private,9,,Reciprocal,"VISA, MasterCard Welcomed",year round,No,Yes,,Yes,$,$,Yes,Yes,,,,,36,3060,120,34.70,37,2868,118,36.80,,courses-data-18139
summerfield-golf-and-country-club,Summerfield Golf & Country Club,10650 SW Summerfield Dr,10650 SW Summerfield Dr,Tigard,Oregon,97224,(503) 620-1200,,Ted Robinson,"Ted Robinson, ASGCA",Semi-Private,9,1973,Open,None,year round,No,No,,Yes,$,$,Yes,Yes,,,,,33,2353,96,30.70,33,2231,103,32.50,,courses-data-18139
alderbrook-golf-course,Alderbrook Golf Course,7300 Alderbrook Rd,7300 Alderbrook Rd,Tillamook,Oregon,97141,(503) 842-6413,,Local Designers,,Public,18,1925,Open,"VISA, MasterCard Welcomed",year round,No,Yes,,Yes,$,$,Yes,Yes,,,,,69,5692,105,66.80,71,5272,108,69.30,,courses-data-18139
bay-breeze-golf-course,Bay Breeze Golf Course,2325 Latimer Rd N,2325 Latimer Rd No,Tillamook,Oregon,97141,(503) 842-1166,,Mike Lehman,Mike Lehman,Public,9,1994,Open,"VISA, MasterCard Welcomed",Open: 2/01 Closed: 10/31,Yes,Yes,,Yes,$,$,No,No,,,,,27,1061,,,27,853,,,,courses-data-18139
olalla-valley-golf-course,Olalla Valley Golf Course,1022 Olalla Rd,1022 Olalla Rd,Toledo,Oregon,97391,(541) 336-2121,,Vernon Warren,Vernon Warren,Public,9,1956,Open,"VISA, MasterCard, Discover Welcomed",year round,No,Yes,,Yes,$,$,Yes,Yes,,,,,36,2920,127,34.60,37,2587,124,36.40,,courses-data-18139
tualatin-country-club,Tualatin Country Club,9145 SW Tualatin Rd,9145 SW Tualatin Rd,Tualatin,Oregon,97062,(503) 692-4620,www.tualtincountryclub.com,H. Chandler Egan & George Junor,H. Chandler Egan,Private,18,1912,Reciprocal,"VISA, MasterCard Welcomed",year round,Yes,No,,Yes,$$,$$,Yes,Yes,72,6611,133,72.10,72,6054,125,69.80,72,5468,120,71.20,,courses-data-18139
big-river-golf-course,Big River Golf Course,709 Willamette St,705 Williamette Ave,Umatilla,Oregon,97882,(541) 922-3006,www.golfbigriver.com,,,Public,18,1968,Open,"VISA, MasterCard, Discover Welcomed",year round,No,Yes,,Yes,$,$,Yes,Yes,,,,,70,5975,115,69.10,74,5940,119,72.50,,courses-data-18139
vernonia-golf-course,Vernonia Golf Course,15961 Timber Rd E,15961 Timber Rd E,Vernonia,Oregon,97064,(503) 429-6811,,George Junor,Fred Fulmer (9),Public,9,1926,Open,"VISA, MasterCard Welcomed",year round,No,No,,No,$,$,Yes,Yes,,,,,35,2701,113,33.40,36,2547,112,32.50,,courses-data-18139
crestview-hills-golf-course,Crestview Hills Golf Course,1680 S Crestline Dr,1680 S Crestline Dr,Waldport,Oregon,97394,(541) 563-3020,www.crestviewhillsgolf.com,Willard Hall,Willard Hall/(R)Dan Hixson,Public,9,1969,Open,"VISA, MasterCard Welcomed",year round,Yes,Yes,,Yes,$,$,Yes,Yes,36,3062,,,36,2856,116,34.00,36,2634,114,34.80,,courses-data-18139
mckenzie-river-golf-course,McKenzie River Golf Course,89089 Bridge St,41723 Madrone,Walterville,Oregon,97489,(541) 896-3454,,"Ken, Earl & Lloyd Omlid",Ken Omlid/Earl Omlid/Lloyd Omlid,Public,9,1963,Open,None,year round,No,No,,Yes,$,$,Yes,Yes,,,,,35,2803,103,32.80,35,2304,107,32.90,,courses-data-18139
st-helens-golf-course,St. Helens Golf Course,57246 Hazen Rd,57246 Hazen Rd,Warren,Oregon,97053,(503) 397-0358,,Clarence & Gordon Johnson,Clarence Johnson/Gordon Johnson,Public,9,1964,Open,"VISA, MasterCard Welcomed",year round,No,Yes,,No,$,$,Yes,Yes,,,,,36,2977,116,34.00,36,2668,108,35.20,,courses-data-18139
astoria-golf-and-country-club,Astoria Golf & Country Club,33445 Sunset Beach Ln,33445 Sunset Beach Ln,Warrenton,Oregon,97146,(503) 861-2545,www.astoriagolf.com,George Junor,George Junor,Private,18,1924,Reciprocal,"VISA, MasterCard Welcomed",year round,Yes,Yes,,Yes,$,$,Yes,Yes,72,6494,120,71.00,72,6380,118,70.40,74,5893,115,72.80,,courses-data-18139
sandelie-golf-course-sandelie-east,"Sandelie Golf Course, Sandelie East",28333 SW Mountain Rd,28333 SW Mountain Rd,West Linn,Oregon,97068,(503) 655-1461,www.sandelie.com,Harvey Junor,Harvey Junor,Public,18,1970,Open,None,year round,Yes,Yes,,Yes,$,$,Yes,No,,,,,70,5894,99,67.30,72,5406,109,69.30,,courses-data-18139
sandelie-golf-course-sandelie-west,"Sandelie Golf Course, Sandelie West",28333 SW Mountain Rd,28333 SW Mountain Rd,West Linn,Oregon,97068,(503) 655-1461,www.sandelie.com,Harvey Junor,Harvey Junor,Public,18,1970,Open,None,year round,Yes,Yes,,Yes,$,$,Yes,No,,,,,70,5894,99,67.30,72,5406,109,69.30,,courses-data-18139
veterans-memorial-golf-course,Veterans Memorial Golf Course,8495 Crater Lake Hwy,Domiciliary,White City,Oregon,97503,(541) 830-7406,www.veteransgolf.org,,,Private,9,,Closed,None,year round,Yes,Yes,,Yes,$,$,Yes,No,33,2031,,,33,1905,,,33,1649,,,,courses-data-18139
charbonneau-golf-club-green,"Charbonneau Golf Club, Green",32020 SW Charbonneau Dr,32020 SW Charbonneau Dr,Wilsonville,Oregon,97070,(503) 694-1246,www.charbonneaugolf.com,Ted Robinson,"Ted Robinson, ASGCA",Semi-Private,18,1978,Open,"VISA, MasterCard, Discover Welcomed",year round,Yes,Yes,,Yes,$,$,Yes,Yes,62,4120,93,60.00,62,3909,90,59.30,62,3581,92,59.10,,courses-data-18139
charbonneau-golf-club-red,"Charbonneau Golf Club, Red",32020 SW Charbonneau Dr,32020 SW Charbonneau Dr,Wilsonville,Oregon,97070,(503) 694-1246,www.charbonneaugolf.com,Ted Robinson,"Ted Robinson, ASGCA",Semi-Private,18,1978,Open,"VISA, MasterCard, Discover Welcomed",year round,Yes,Yes,,Yes,$,$,Yes,Yes,62,4120,93,60.00,62,3909,90,59.30,62,3581,92,59.10,,courses-data-18139
charbonneau-golf-club-yellow,"Charbonneau Golf Club, Yellow",32020 SW Charbonneau Dr,32020 SW Charbonneau Dr,Wilsonville,Oregon,97070,(503) 694-1246,www.charbonneaugolf.com,Ted Robinson,"Ted Robinson, ASGCA",Semi-Private,18,1978,Open,"VISA, MasterCard, Discover Welcomed",year round,Yes,Yes,,Yes,$,$,Yes,Yes,62,4120,93,60.00,62,3909,90,59.30,62,3581,92,59.10,,courses-data-18139
senior-estates-golf-and-country-club,Senior Estates Golf & Country Club,1776 Country Club Rd,1776 Country Club Rd,Woodburn,Oregon,97071,(503) 981-0189,www.seniorestatesgolf.com,William Graham,Bill Graham,Private,18,1961,Reciprocal,None,year round,No,No,,Yes,$,$,No,No,,,,,72,5398,101,65.60,75,5065,103,67.90,,courses-data-18139
oga-golf-course,OGA Golf Course,2850 Hazelnut Dr,2990 N Boones Ferry Rd,Woodburn,Oregon,97071,(503) 981-6105,www.ogagolfcourse.com,Bill Robinson,Bill Robinson,Public,18,1994,Open,"VISA, MasterCard, Discover Welcomed",year round,Yes,Yes,,No,$,$,Yes,Yes,72,6650,126,71.60,72,6353,123,70.30,72,5498,127,71.90,,courses-data-18139